model,method_name,prompt_level,paper_id,query,journal,publication_date,publication_year,field,fwci,cited_by_count,doi,issn_l,source_type,hypotheses_count,hypotheses_text,status,error
claude-3-5-haiku-20241022,claude-3-5-haiku-20241022-L1,L1,f4465d25f7c9,如何通过单原子催化剂设计突破类芬顿催化中活性与稳定性的权衡？,Nature Communications,2025-01-02,2025,Electrocatalysts for Energy Conversion,93.87822721,96,https://doi.org/10.1038/s41467-024-55622-y,2041-1723,journal,0,,error,"LLM 网关错误 (HTTP 503): Error code: 503 - {'error': {'message': '当前分组 企业用户 下对于模型 claude-3-5-haiku-20241022 计费模式 [按量计费] 无可用渠道 (request id: 2026041316334516716775788432572)', 'type': 'shell_api_error'}}"
claude-3-5-sonnet-20241022,claude-3-5-sonnet-20241022-L1,L1,f4465d25f7c9,如何通过单原子催化剂设计突破类芬顿催化中活性与稳定性的权衡？,Nature Communications,2025-01-02,2025,Electrocatalysts for Energy Conversion,93.87822721,96,https://doi.org/10.1038/s41467-024-55622-y,2041-1723,journal,0,,error,"LLM 网关错误 (HTTP 503): Error code: 503 - {'error': {'message': '当前分组 企业用户 下对于模型 claude-3-5-sonnet-20241022 计费模式 [按量计费] 无可用渠道 (request id: 2026041316342183126257377630762)', 'type': 'shell_api_error'}}"
deepseek-v3,deepseek-v3-L1,L1,f4465d25f7c9,如何通过单原子催化剂设计突破类芬顿催化中活性与稳定性的权衡？,Nature Communications,2025-01-02,2025,Electrocatalysts for Energy Conversion,93.87822721,96,https://doi.org/10.1038/s41467-024-55622-y,2041-1723,journal,1,"[L1] 单原子钴位点与纳米岛封装结构的协同作用可同时提升催化活性和稳定性
- 关键实体：Co单原子、碳基纳米岛封装结构
- 作用关系：纳米岛物理限域保护单原子位点
- 预期机制：空间限制减少金属浸出，同时维持单原子高本征活性

[L2] 纳米岛封装层可调控单原子位点的局部电子结构
- 关键实体：石墨化碳壳层、Co-N4配位结构
- 作用关系：界面电荷转移增强氧化还原能力
- 预期机制：优化H2O2活化能垒与·OH生成动力学

[L3] 分级孔隙结构可解决传质限制与活性位暴露的矛盾
- 关键实体：介孔-微孔复合载体
- 作用关系：大孔道促进底物扩散，微孔稳定单原子
- 预期机制：实现高周转频率与长循环寿命的协同",ok,
deepseek-v3,deepseek-v3-L1,L1,b5d9e2f1eeaf,如何提升中红外光电探测器的探测率与响应速度至理论极限？,Nature Communications,2025-01-10,2025,Advanced Semiconductor Detectors and Materials,163.74682493,81,https://doi.org/10.1038/s41467-025-55887-x,2041-1723,journal,1,"[L1] 假设1：通过构建垂直传输通道的范德瓦尔斯异质结构，可以同时优化载流子分离效率与输运速度，从而实现接近理论极限的探测率和响应速度。  
关键实体：范德瓦尔斯异质结构（如BP/MoS₂）、垂直传输通道  
作用关系：界面内建电场增强载流子分离，垂直输运减少散射路径  
预期机制：缩短载流子渡越时间，降低复合损耗  

[L2] 假设2：在异质结中引入梯度带隙材料（如WSe₂-xSx合金），可通过能带工程扩展光谱响应范围并抑制暗电流。  
关键实体：梯度带隙材料、中红外吸收层  
作用关系：带隙梯度形成内建电场，拓宽有效吸收波长  
预期机制：提升探测率（D*）至Jones量级，同时保持亚纳秒响应  

[L3] 假设3：通过原子级调控异质结界面缺陷态（如硫空位钝化），可突破传统噪声限制。  
关键实体：界面缺陷态、表面钝化层（如h-BN）  
作用关系：缺陷钝化降低陷阱辅助隧穿噪声  
预期机制：实现背景限探测（BLIP）性能，响应速度达RC时间常数极限",ok,
deepseek-v3,deepseek-v3-L1,L1,49822610b620,如何通过高模量隔膜设计解决锌枝晶问题,Nature Communications,2025-01-25,2025,Advanced battery technologies research,163.74682493,81,https://doi.org/10.1038/s41467-025-56325-8,2041-1723,journal,1,"[L1] 高模量隔膜通过机械抑制锌枝晶生长  
- 关键实体：高模量隔膜（弹性模量>5GPa）、锌枝晶  
- 作用关系：物理屏障作用限制锌沉积形貌  
- 预期机制：隔膜的高刚性可抵抗锌枝晶穿刺力（>0.5MPa），迫使锌沿二维方向均匀沉积  

[L2] 仿生结构设计增强离子筛分能力  
- 关键实体：梯度多孔结构（10-100nm）、Zn²⁺溶剂化鞘  
- 作用关系：选择性离子传输调控沉积动力学  
- 预期机制：仿生血管状孔道（表层10nm/底层100nm）可剥离溶剂化分子，提高Zn²⁺迁移数至>0.8  

[L3] 生物降解材料界面稳定化效应  
- 关键实体：聚乳酸基隔膜、Zn/电解质界面  
- 作用关系：原位形成有机-无机杂化SEI层  
- 预期机制：材料降解产物（乳酸锌）参与构建含ZnCO₃的复合界面层，将析氢过电位提升≥200mV",ok,
deepseek-v3,deepseek-v3-L1,L1,3e2570ebbc22,如何构建基于深度学习的多模态框架来评估电池健康状态？,Nature Communications,2025-01-29,2025,Advanced Battery Technologies Research,156.77105282,72,https://doi.org/10.1038/s41467-025-56485-7,2041-1723,journal,1,"[L1] 多模态数据融合假设  
1. 关键实体：电压/电流时序数据（电气模态） + 热成像数据（热模态） + 充电行为日志（操作模态）  
2. 作用关系：通过跨模态注意力机制建立时序-空间-操作特征的动态权重分配  
3. 预期机制：三模态联合训练比单模态提升SOH预测精度15%以上（MAE指标）  

[L2] 退化模式解耦假设  
1. 关键实体：容量衰减模式（化学老化） + 内阻增长模式（机械老化）  
2. 作用关系：设计双分支神经网络分别捕捉不同退化模式的敏感特征  
3. 预期机制：解耦后的特征空间可使循环寿命预测误差降低20%（RMSE指标）  

[L3] 迁移学习泛化假设  
1. 关键实体：源领域（实验室数据） + 目标领域（真实EV运行数据）  
2. 作用关系：通过对抗域适应对齐不同充放电工况下的特征分布  
3. 预期机制：跨数据集测试时模型性能下降幅度控制在5%以内（F1-score指标）",ok,
deepseek-v3,deepseek-v3-L1,L1,9d7ad46d50d0,如何利用吸湿性铁水凝胶和叶脉结构设计高效的能量收集器？,Nature Communications,2025-06-06,2025,Energy Harvesting in Wireless Networks,153.63899623,76,https://doi.org/10.1038/s41467-025-60341-z,2041-1723,journal,1,"[L1] 吸湿性铁水凝胶的离子梯度与叶脉微通道结构协同作用可提升能量收集效率  
- 铁水凝胶在湿度变化下产生可逆的Fe2+/Fe3+氧化还原反应（关键实体），通过叶脉状分形微通道（关键实体）形成离子浓度梯度，驱动离子定向迁移（作用关系），其电能输出比传统平面结构提高50%以上（预期机制）  

[L2] 叶脉仿生层级孔隙可优化水凝胶的吸湿-解吸动力学  
- 三级分叉叶脉结构（关键实体）通过毛细作用力（作用关系）加速水分子在铁水凝胶中的渗透/蒸发循环（预期机制），使单位时间产电脉冲频率提升至自然蒸发的3倍  
- 铁水凝胶中配位不饱和的Fe-O位点（关键实体）与叶脉木质素残留物（关键实体）形成氢键网络（作用关系），将水分吸附焓降低15-20kJ/mol（预期机制）  

[L3] 氧化还原反应与机械形变的耦合效应可突破现有能量密度极限  
- 水凝胶溶胀/收缩过程中的晶格应变（关键实体）使Fe-O键长发生周期性变化（作用关系），通过压电效应将机械能转化为附加电势（预期机制）  
- 叶脉主脉/侧脉的刚度梯度（关键实体）诱导非对称应力分布（作用关系），产生0.5-1.2V的额外界面电势差（预期机制）",ok,
doubao-pro-32k-241215,doubao-pro-32k-241215-L1,L1,f4465d25f7c9,如何通过单原子催化剂设计突破类芬顿催化中活性与稳定性的权衡？,Nature Communications,2025-01-02,2025,Electrocatalysts for Energy Conversion,93.87822721,96,https://doi.org/10.1038/s41467-024-55622-y,2041-1723,journal,0,,error,"LLM 网关错误 (HTTP 503): Error code: 503 - {'error': {'message': '当前分组 企业用户 下对于模型 doubao-pro-32k-241215 计费模式 [按量计费] 无可用渠道 (request id: 2026041316354264475729904653209)', 'type': 'shell_api_error'}}"
gpt-3.5-turbo-0125,gpt-3.5-turbo-0125-L1,L1,f4465d25f7c9,如何通过单原子催化剂设计突破类芬顿催化中活性与稳定性的权衡？,Nature Communications,2025-01-02,2025,Electrocatalysts for Energy Conversion,93.87822721,96,https://doi.org/10.1038/s41467-024-55622-y,2041-1723,journal,1,"[L1] 通过调节纳米岛的形态和尺寸，可以优化钴单原子催化剂在类芬顿反应中的催化活性和稳定性。假设较小的纳米岛能够提供更高的比表面积，从而增强催化剂的活性，同时保持良好的结构稳定性。

[L2] 在钴单原子催化剂中引入不同的配体或掺杂元素，可以调节其电子结构，从而提高其在类芬顿反应中的催化效率。假设特定的掺杂元素能够增强钴原子的氧化还原能力，进而提升反应速率。

[L3] 通过控制催化剂的合成条件（如温度、pH值和反应时间），可以实现对钴单原子催化剂的微观结构调控，进而影响其在类芬顿反应中的活性与稳定性。假设在特定的合成条件下，能够形成更为均匀的单原子分布，从而提高催化剂的整体性能。",ok,
gpt-3.5-turbo-0125,gpt-3.5-turbo-0125-L1,L1,b5d9e2f1eeaf,如何提升中红外光电探测器的探测率与响应速度至理论极限？,Nature Communications,2025-01-10,2025,Advanced Semiconductor Detectors and Materials,163.74682493,81,https://doi.org/10.1038/s41467-025-55887-x,2041-1723,journal,1,"[L1] 在垂直传输通道的范德瓦尔斯异质结构中，增加界面层的数量可以提高载流子迁移率，从而提升中红外光电探测器的探测率。

[L2] 通过优化异质结构中各层材料的带隙和能带对齐，可以增强光吸收效率，进而提高中红外光电探测器的响应速度。

[L3] 引入外部电场以调节载流子浓度和分布，可以实现对中红外光电探测器的动态响应调节，从而在不同光照条件下达到理论极限的探测率与响应速度。",ok,
gpt-3.5-turbo-0125,gpt-3.5-turbo-0125-L1,L1,49822610b620,如何通过高模量隔膜设计解决锌枝晶问题,Nature Communications,2025-01-25,2025,Advanced battery technologies research,163.74682493,81,https://doi.org/10.1038/s41467-025-56325-8,2041-1723,journal,1,"[L1] 假设高模量生物仿生隔膜能够通过增强锌离子的传输路径，降低锌离子在电极表面的沉积速率，从而减少锌枝晶的形成。

[L2] 假设在高模量生物仿生隔膜中引入特定的纳米结构能够增加隔膜的机械强度，进而提高其对锌离子流动的选择性，促进均匀沉积，抑制枝晶生长。

[L2] 假设通过调节隔膜的化学成分和微观结构，可以优化其离子导电性，使得锌离子在隔膜中的迁移速率显著提高，从而减少锌枝晶的生成。

[L3] 假设在高模量隔膜中添加生物相容性聚合物能够形成自修复机制，增强隔膜在锌离子电池循环过程中的稳定性，进一步降低枝晶的风险。

[L3] 假设通过对隔膜表面进行功能化处理，可以改善锌离子在隔膜界面的吸附特性，进而实现更均匀的锌沉积，减少枝晶的形成。",ok,
gpt-3.5-turbo-0125,gpt-3.5-turbo-0125-L1,L1,3e2570ebbc22,如何构建基于深度学习的多模态框架来评估电池健康状态？,Nature Communications,2025-01-29,2025,Advanced Battery Technologies Research,156.77105282,72,https://doi.org/10.1038/s41467-025-56485-7,2041-1723,journal,1,"[L1] 假设1：通过结合电池的电压、温度和充放电循环数据，深度学习模型能够有效识别电池健康状态的关键特征，从而提高评估的准确性。

[L1] 假设2：利用开源电动汽车数据集中的多模态信息（如驾驶行为、环境条件和电池使用历史），可以构建一个深度学习框架，增强电池健康状态评估的鲁棒性。

[L1] 假设3：通过引入图神经网络处理电池之间的相互影响，能够进一步提升多模态框架在电池健康状态评估中的性能。

[L2] 假设1：在多模态框架中，采用卷积神经网络（CNN）处理电池图像数据（如电池外观），可以有效捕捉到物理损伤特征，从而辅助健康状态评估。

[L2] 假设2：通过时间序列分析技术，结合电池的历史充放电数据，深度学习模型能够识别出电池老化趋势，从而预测未来的健康状态。

[L2] 假设3：在多模态框架中，融合传感器数据（如温度和湿度）与电池性能数据，可以提高模型对环境因素影响的敏感性，从而优化健康状态评估。

[L3] 假设1：通过对比不同深度学习模型（如LSTM与CNN）的性能，能够确定最适合处理电池健康状态评估的架构，从而为未来研究提供指导。

[L3] 假设2：在多模态框架中，采用自注意力机制可以增强模型对重要特征的关注，从而提高电池健康状态评估的精度和可靠性。

[L3] 假设3：通过集成学习方法，将多个深度学习模型的输出进行融合，可以进一步提升电池健康状态评估的整体性能，尤其是在数据稀缺的情况下。",ok,
gpt-3.5-turbo-0125,gpt-3.5-turbo-0125-L1,L1,9d7ad46d50d0,如何利用吸湿性铁水凝胶和叶脉结构设计高效的能量收集器？,Nature Communications,2025-06-06,2025,Energy Harvesting in Wireless Networks,153.63899623,76,https://doi.org/10.1038/s41467-025-60341-z,2041-1723,journal,1,"[L1] 假设1: 吸湿性铁水凝胶的水分吸附能力与其表面结构的微观特征之间存在正相关关系，优化微观结构可以提高水分吸附效率，从而增强能量收集效率。

[L1] 假设2: 叶脉结构的导电性与其几何形状和材料组成之间存在关联，通过调节叶脉的几何形状可以提高其导电性能，进而提升能量传输效率。

[L2] 假设1: 在吸湿性铁水凝胶中引入纳米级导电填料（如碳纳米管）可以显著提高其电导率，从而增强其在能量收集器中的能量转换效率。

[L2] 假设2: 结合叶脉结构与吸湿性铁水凝胶的复合材料能够形成更为有效的水分管理系统，促进水分的快速转移和电能的持续输出。

[L3] 假设1: 通过调节吸湿性铁水凝胶的化学成分（如铁离子的浓度）可以优化其吸湿特性，从而实现更高的能量收集效率，尤其是在高湿环境下。

[L3] 假设2: 叶脉结构的表面处理（如涂覆亲水性材料）能够增强其与吸湿性铁水凝胶的界面相互作用，进而提高整体能量收集器的性能。",ok,
gpt-4-turbo-2024-04-09,gpt-4-turbo-2024-04-09-L1,L1,f4465d25f7c9,如何通过单原子催化剂设计突破类芬顿催化中活性与稳定性的权衡？,Nature Communications,2025-01-02,2025,Electrocatalysts for Energy Conversion,93.87822721,96,https://doi.org/10.1038/s41467-024-55622-y,2041-1723,journal,1,"[L1] 总体假设：利用纳米岛包覆策略调控单原子级钴的局部电子环境和结构几何，可以同时提升类芬顿催化反应的活性和耐久性，突破二者之间传统的权衡关系。

[L2] 中层假设：
1. 纳米岛包覆改变钴单原子催化剂的电子密度分布，通过协同作用增强活性中心在活化过氧化氢产生高活性羟基自由基的能力，同时抵御催化剂腐蚀和钴离子流失。
2. 纳米岛与单原子钴形成的界面作用优化了底物吸附和中间体解离过程，使催化反应速率提高的同时，纳米岛结构提供了物理屏障，防止单原子团聚和失活。

[L3] 基础机制假设：
1. 纳米岛包覆在调控钴原子配位环境时，通过局部电荷再分布实现电子转移效率的提升，从而加速Fenton反应中过氧化物的活化，并有效降低因自由基攻击引起的结构退化。
2. 在催化反应工作条件下，纳米岛的存在限制了钴原子的聚集，维持单原子分散状态，同时通过形成稳定的界面结构，缓解了由反应中极端pH值和氧化环境引发的金属中心溶解问题。",ok,
gpt-4-turbo-2024-04-09,gpt-4-turbo-2024-04-09-L1,L1,b5d9e2f1eeaf,如何提升中红外光电探测器的探测率与响应速度至理论极限？,Nature Communications,2025-01-10,2025,Advanced Semiconductor Detectors and Materials,163.74682493,81,https://doi.org/10.1038/s41467-025-55887-x,2041-1723,journal,1,"[L1]
1. 假设通过精确调控范德瓦尔斯异质结构中各层间的能级对齐和界面电场分布，可以最大化中红外光的吸收与载流子分离效率，从而提升探测率和实现超高速响应。
2. 假设引入超薄介电层和优化垂直传输通道设计，能够激发量子隧穿效应，缩短载流子传输路径和复合时间，使光电探测器的响应速度逼近理论极限。

[L2]
1. 材料调控：假设通过化学掺杂或外加静电场调节各2D材料层的功函数和能带位置，可优化异质结构的带边对齐，降低界面复合效应，并增强中红外光的吸收效率。
2. 器件结构设计：假设在异质结构中嵌入精准调控厚度的天然或人工介电层，可利用垂直隧穿效应在低偏压下实现载流子的高速传输，同时保护界面质量，降低散射和延迟。
3. 动态电场调控：假设采用高速动态电场调控技术对界面缺陷态进行调节，减少载流子陷阱效应，从而保持在高频率工作下仍能实现高敏感检测和快速响应。

[L3]
1. 详细机制假设：假设通过在范德瓦尔斯异质结构的关键界面引入局域调控措施（例如局部掺杂或电场梯度控制），实现精细带边对齐，预期可以在中红外激发下立即产生强烈的内建电场，促使载流子在皮秒级别实现分离与垂直传输。
2. 介电层与隧穿效应：假设设计并集成具有纳米级均匀厚度的介电层，使得在适度偏压下能够激发垂直量子隧穿效应，从而在极短时间内完成电荷收集和信号传递，预期可显著减少传输延时，提升探测器响应速度。
3. 缺陷与动态调控：假设通过外部高速脉冲电场动态抑制界面缺陷状态，降低非辐射复合途径，使载流子更快地参与有用信号传导，预期在高频操作中既能保持高探测率又能实现超快响应。",ok,
gpt-4-turbo-2024-04-09,gpt-4-turbo-2024-04-09-L1,L1,49822610b620,如何通过高模量隔膜设计解决锌枝晶问题,Nature Communications,2025-01-25,2025,Advanced battery technologies research,163.74682493,81,https://doi.org/10.1038/s41467-025-56325-8,2041-1723,journal,1,"[L1] 在高模量隔膜中，通过提升隔膜的机械强度，使其在物理层面上能够抵抗锌枝晶的穿刺和扩展，从而有效阻止枝晶直接接触负极形成短路。

[L2] 利用隔膜表面引入生物仿生结构或功能化基团，改善锌离子的传输路径，促使锌离子在隔膜界面均匀沉积，从而降低局部浓度和电流密度集中引发枝晶生长的风险。

[L3] 结合生物可降解材料与高模量聚合物，通过化学修饰实现良好的离子导电性，同时利用隔膜的高模量和阻隔效应，形成双重防护机制，既提供物理阻隔又改善电化学沉积条件，从而实现无枝晶锌离子电池的目标。",ok,
gpt-4-turbo-2024-04-09,gpt-4-turbo-2024-04-09-L1,L1,3e2570ebbc22,如何构建基于深度学习的多模态框架来评估电池健康状态？,Nature Communications,2025-01-29,2025,Advanced Battery Technologies Research,156.77105282,72,https://doi.org/10.1038/s41467-025-56485-7,2041-1723,journal,1,"[L1] 假设多模态深度学习框架比单一模态方法能够更准确地评估电池健康状态，因为它能同时捕捉电池在不同运行情境下的多维特征信息。

[L2] 假设利用电动汽车开源数据中的多种数据类型（如电池充放电记录、温度变化、车辆行驶数据、充电模式等）进行联合建模，可以提取出更全面的电池衰退和性能退化指标，从而为健康状态评估提供更可靠的输入特征。

[L3] 假设在该多模态框架中引入跨模态注意力机制或特征融合策略，可以在模型训练过程中动态识别和权衡各模态数据的重要性，通过捕捉不同数据类型之间的相互影响与隐含联系，进一步提升预测精度和模型的泛化能力。",ok,
gpt-4-turbo-2024-04-09,gpt-4-turbo-2024-04-09-L1,L1,9d7ad46d50d0,如何利用吸湿性铁水凝胶和叶脉结构设计高效的能量收集器？,Nature Communications,2025-06-06,2025,Energy Harvesting in Wireless Networks,153.63899623,76,https://doi.org/10.1038/s41467-025-60341-z,2041-1723,journal,1,"[L1] 总体构想：通过借鉴叶脉天然的微流体分布网络和吸湿性铁水凝胶的水分捕获与能量转换特性，实现环境水汽的高效收集、转换和储存，形成连续能量收集器。

[L2] 中间推理链：  
1. 叶脉结构可被设计为精细的微流道网络，其分叉和倾斜的几何形状有助于捕获、引导并均匀分布环境中的水汽，从而在整个系统内形成湿度梯度。  
2. 吸湿性铁水凝胶在吸收水分后会发生体积膨胀和化学反应（如铁离子的氧化还原），从而在凝胶内部产生离子传导，并将湿度变化转换为电信号，实现能量采集与储存。

[L3] 细节推理链：  
1. 利用叶脉状微流道快速聚集环境水汽，使局部区域迅速达到高湿状态，促使铁水凝胶中铁离子与水分发生界面催化反应，生成局部电位差，从而驱动微型电流产生。  
2. 设计中通过调控叶脉结构的孔径和分布，实现对水汽吸收和传输速率的调节，使吸湿性铁水凝胶中的水分分布更为均衡，从而在吸湿—放湿循环过程中维持稳定的离子运动和连续的能量积累，达到高效能量转换与存储的目的。",ok,
gpt-4o-2024-11-20,gpt-4o-2024-11-20-L1,L1,f4465d25f7c9,如何通过单原子催化剂设计突破类芬顿催化中活性与稳定性的权衡？,Nature Communications,2025-01-02,2025,Electrocatalysts for Energy Conversion,93.87822721,96,https://doi.org/10.1038/s41467-024-55622-y,2041-1723,journal,1,"[L1] 假设：  
1. 纳米岛结构的封装设计可以通过物理隔离和电子效应稳定单原子钴催化剂，从而同时提升其在类芬顿反应中的活性和稳定性。  
2. 单原子钴催化剂的电子结构调控可以优化其对过氧化氢的活化能力，同时降低副反应的发生概率，从而实现活性与稳定性的平衡。  

[L2] 假设：  
1. 纳米岛封装层可以通过限制单原子钴的迁移和团聚行为，显著提高催化剂的抗失活性能，同时维持其高效的催化活性。  
2. 纳米岛封装材料（如碳基或氧化物基材料）可以通过界面电子转移增强单原子钴的氧化还原循环效率，从而提高类芬顿反应的反应速率。  
3. 通过调控纳米岛的尺寸、厚度和化学组成，可以实现对单原子钴催化剂表面活性位点的精准保护和电子环境优化。  

[L3] 假设：  
1. 纳米岛封装的几何结构（如孔隙率和表面粗糙度）可以影响反应物（如过氧化氢和有机污染物）的传质效率，从而间接调控催化剂的活性和稳定性。  
2. 单原子钴与纳米岛封装材料之间的界面相互作用可以诱导局部电场效应，增强过氧化氢的分解能力并抑制自由基的非目标反应。  
3. 在特定反应条件下（如pH值和温度），纳米岛封装可以动态调节单原子钴的氧化态分布，从而实现对催化活性和稳定性的协同优化。  ",ok,
gpt-4o-2024-11-20,gpt-4o-2024-11-20-L1,L1,b5d9e2f1eeaf,如何提升中红外光电探测器的探测率与响应速度至理论极限？,Nature Communications,2025-01-10,2025,Advanced Semiconductor Detectors and Materials,163.74682493,81,https://doi.org/10.1038/s41467-025-55887-x,2041-1723,journal,1,"[L1] 假设：通过优化 van der Waals 异质结构的界面质量和电子隧穿机制，可以显著提升中红外光电探测器的探测率与响应速度。  
- 假设 1.1：在异质结构中引入高质量的二维材料（如石墨烯或黑磷）作为电子传输层，可减少界面散射并提高载流子迁移率，从而提升探测器的响应速度。  
- 假设 1.2：通过精确控制异质结构层间的原子级对齐和隧穿势垒厚度，可优化电子的垂直传输通道，减少隧穿时间并提高探测率。  

[L2] 假设：利用光子-声子耦合效应和量子限域效应增强中红外光吸收和载流子生成效率。  
- 假设 2.1：在异质结构中设计特定的量子阱或量子点，通过量子限域效应增强中红外光的吸收效率，同时抑制非辐射复合。  
- 假设 2.2：通过调控材料的声子模式（例如利用硫化物或硒化物二维材料），实现光子与声子的强耦合，从而提高光电转换效率。  

[L3] 假设：结合外部电场或光场调控异质结构的电子态和光学特性，进一步突破探测器性能极限。  
- 假设 3.1：施加周期性外部电场以动态调控异质结构的能带结构，增强载流子分离效率并提高响应速度。  
- 假设 3.2：利用超快激光脉冲对异质结构进行光场调控，诱导瞬态电子态变化，从而实现超高灵敏度和超快响应的探测性能。",ok,
gpt-4o-2024-11-20,gpt-4o-2024-11-20-L1,L1,49822610b620,如何通过高模量隔膜设计解决锌枝晶问题,Nature Communications,2025-01-25,2025,Advanced battery technologies research,163.74682493,81,https://doi.org/10.1038/s41467-025-56325-8,2041-1723,journal,1,"[L1] 假设：  
1. 高模量隔膜能够通过机械约束作用抑制锌枝晶的垂直生长，减少枝晶刺穿隔膜的风险，从而提高锌离子电池的循环稳定性。  
2. 高模量隔膜的刚性结构可以均匀分布锌离子的沉积电场，诱导锌离子在负极表面形成平整的沉积层，避免枝晶的局部生长。  

[L2] 假设：  
1. 在高模量隔膜中引入仿生微结构（如仿生纤维网络或纳米孔道）能够进一步优化锌离子的传输路径，减少局部离子浓度过高导致的枝晶生长。  
2. 高模量隔膜的机械性能与其表面化学特性（如亲锌性或疏锌性）协同作用，可以调控锌离子的沉积动力学，促进均匀沉积并抑制枝晶形成。  

[L3] 假设：  
1. 通过在高模量隔膜中引入可生物降解的聚合物基体（如壳聚糖或聚乳酸），可以在保持高模量的同时增强隔膜的离子导电性，进一步提高电池性能。  
2. 在隔膜材料中掺杂具有高离子选择性的无机纳米颗粒（如氧化锌或硅酸盐），能够在高模量基础上提升离子导电性，并通过界面效应抑制枝晶生长。  
3. 利用仿生设计的隔膜表面（如模拟植物叶片的微纳结构）可以实现锌离子的梯度分布，进一步降低枝晶生长的可能性。  ",ok,
gpt-4o-2024-11-20,gpt-4o-2024-11-20-L1,L1,3e2570ebbc22,如何构建基于深度学习的多模态框架来评估电池健康状态？,Nature Communications,2025-01-29,2025,Advanced Battery Technologies Research,156.77105282,72,https://doi.org/10.1038/s41467-025-56485-7,2041-1723,journal,1,"[L1] 假设：多模态数据融合能够提高电池健康状态评估的准确性。  
- 假设 1.1：将电池的电压、电流、温度等时间序列数据与车辆运行状态（如速度、加速度、地理位置）进行联合建模，可以捕获电池性能与外部环境的复杂交互关系。  
- 假设 1.2：通过深度学习模型（如Transformer或LSTM）对多模态数据进行时序特征提取，可以有效识别电池老化趋势和异常行为。  

[L2] 假设：特定的深度学习架构能够优化多模态数据的融合效果。  
- 假设 2.1：使用基于注意力机制的多模态融合模型（如Cross-Attention Transformer），可以动态权衡不同模态数据的重要性，从而提高评估的鲁棒性。  
- 假设 2.2：引入图神经网络（Graph Neural Network, GNN）对电池健康状态与车辆运行网络（如充电站分布、行驶路径）进行空间关联建模，可以进一步提升预测精度。  

[L3] 假设：开放数据的特性可以通过迁移学习和数据增强技术进一步提升模型性能。  
- 假设 3.1：利用开放数据集中的跨车型、跨地区数据，通过迁移学习技术（如Domain Adaptation），可以提高模型在不同车辆和环境中的泛化能力。  
- 假设 3.2：通过生成对抗网络（GAN）对开放数据进行数据增强，可以模拟极端驾驶条件下的电池性能变化，从而提高模型对边界情况的预测能力。  ",ok,
gpt-4o-2024-11-20,gpt-4o-2024-11-20-L1,L1,9d7ad46d50d0,如何利用吸湿性铁水凝胶和叶脉结构设计高效的能量收集器？,Nature Communications,2025-06-06,2025,Energy Harvesting in Wireless Networks,153.63899623,76,https://doi.org/10.1038/s41467-025-60341-z,2041-1723,journal,1,"[L1] 假设：  
1. 吸湿性铁水凝胶在叶脉结构中能够通过环境湿度变化驱动水分吸收和释放，从而产生持续的体积变化和机械能。  
2. 叶脉的微通道网络可以优化水分传输路径，增强铁水凝胶的吸湿效率和响应速度，从而提高能量收集效率。  

[L2] 假设：  
1. 铁水凝胶的吸湿性能可以通过调控其化学组分（如铁离子浓度、交联密度）与叶脉结构的几何参数（如通道宽度、分支密度）实现协同优化，从而最大化湿度驱动的能量转换效率。  
2. 叶脉结构的仿生设计（如仿照不同植物叶片的脉络分布）能够显著影响水凝胶的吸湿动力学和机械能输出，特定几何形态可能更适合特定湿度环境。  

[L3] 假设：  
1. 在叶脉结构中引入具有导电性的复合材料（如掺杂导电聚合物的铁水凝胶）可以将湿度驱动的机械能直接转化为电能，从而实现能量收集与存储的一体化。  
2. 通过在叶脉结构中加入纳米级催化剂（如氧化铁纳米颗粒），可以进一步增强铁水凝胶的吸湿反应速率和能量转换效率，尤其在快速湿度变化的环境中表现更优。  
3. 不同环境湿度条件下，叶脉结构的多尺度优化（如微米级通道与纳米级孔隙的结合）能够显著提升铁水凝胶的动态响应能力，从而实现全天候的高效能量收集。  ",ok,
gpt-4o-mini-2024-07-18,gpt-4o-mini-2024-07-18-L1,L1,f4465d25f7c9,如何通过单原子催化剂设计突破类芬顿催化中活性与稳定性的权衡？,Nature Communications,2025-01-02,2025,Electrocatalysts for Energy Conversion,93.87822721,96,https://doi.org/10.1038/s41467-024-55622-y,2041-1723,journal,1,"[L1] 设计具有特定配位环境的钴单原子催化剂可以提高其在类芬顿反应中的催化活性。通过调节配体的电子效应，增强钴原子的氧化还原能力，从而提高反应速率。

[L2] 在纳米岛结构中封装钴单原子催化剂可以有效抑制其在反应过程中的聚集，进而提高催化剂的稳定性。纳米岛的几何限制能够减少钴原子间的相互作用，降低催化剂失活的可能性。

[L3] 通过调控纳米岛的尺寸和形状，可以优化钴单原子催化剂的活性与稳定性之间的平衡。较小的纳米岛可能提供更高的表面能，促进反应活性，而适当的形状设计则可以增强其结构稳定性，减少催化剂的降解。",ok,
gpt-4o-mini-2024-07-18,gpt-4o-mini-2024-07-18-L1,L1,b5d9e2f1eeaf,如何提升中红外光电探测器的探测率与响应速度至理论极限？,Nature Communications,2025-01-10,2025,Advanced Semiconductor Detectors and Materials,163.74682493,81,https://doi.org/10.1038/s41467-025-55887-x,2041-1723,journal,1,"[L1] 提高中红外光电探测器的探测率可以通过优化范德瓦尔斯异质结构的材料组合来实现，具体而言，选择具有高载流子迁移率和低缺陷密度的二维材料，以增强光电转换效率。

[L1] 通过在范德瓦尔斯异质结构中引入量子点，可以实现对中红外光的有效吸收，从而提高探测器的响应速度，预期机制为量子点的能级调控能够增强光子与载流子的相互作用。

[L2] 在范德瓦尔斯异质结构中，采用垂直传输通道设计可以减少载流子在传输过程中的散射，从而提高探测器的响应速度，预期机制为垂直结构能够缩短载流子的传输路径。

[L2] 通过调节异质结构中各层的厚度和材料类型，可以实现对光电探测器的频率响应特性的优化，预期机制为不同材料的能带结构和光学特性相互作用，提升探测器的带宽。

[L3] 结合表面等离子体共振效应与范德瓦尔斯异质结构，可以进一步增强中红外光的吸收率，预期机制为表面等离子体的激发能够局部增强电场，从而提高光子捕获效率。

[L3] 通过在异质结构中引入外部电场，可以调节载流子的能量分布，进而提高探测器的灵敏度，预期机制为外部电场能够改变载流子的迁移率和复合速率。",ok,
gpt-4o-mini-2024-07-18,gpt-4o-mini-2024-07-18-L1,L1,49822610b620,如何通过高模量隔膜设计解决锌枝晶问题,Nature Communications,2025-01-25,2025,Advanced battery technologies research,163.74682493,81,https://doi.org/10.1038/s41467-025-56325-8,2041-1723,journal,1,"[L1] 假设高模量生物仿生隔膜能够通过增强锌离子传导性来抑制锌枝晶的形成。具体而言，隔膜的高模量特性将提高其机械强度，从而在锌电池充放电过程中有效抵抗锌枝晶的生长。

[L2] 假设在高模量隔膜中引入特定的纳米结构可以进一步提升其离子导电性，从而优化锌离子的迁移路径。通过调节纳米结构的形状和排列，可以实现更均匀的锌离子分布，减少局部过饱和现象，进而降低枝晶的形成概率。

[L3] 假设通过在高模量隔膜中掺杂生物相容性聚合物，可以改善隔膜的界面稳定性和电解质的润湿性。这种改性将促进锌离子在隔膜界面的快速迁移，降低锌枝晶的生长速率，并提高电池的循环寿命和安全性。",ok,
gpt-4o-mini-2024-07-18,gpt-4o-mini-2024-07-18-L1,L1,3e2570ebbc22,如何构建基于深度学习的多模态框架来评估电池健康状态？,Nature Communications,2025-01-29,2025,Advanced Battery Technologies Research,156.77105282,72,https://doi.org/10.1038/s41467-025-56485-7,2041-1723,journal,1,"[L1] 假设1：通过结合电池的电压、温度和充电循环数据，构建一个多模态深度学习模型，可以提高电池健康状态评估的准确性。

[L1] 假设2：利用开源电动汽车数据中的多种传感器信息（如电流、功率和环境条件），可以增强深度学习模型对电池老化过程的理解，从而优化健康状态预测。

[L2] 假设1：在多模态框架中，采用卷积神经网络（CNN）处理图像数据（如电池外观），结合循环神经网络（RNN）处理时间序列数据（如充电和放电曲线），可以有效捕捉电池健康状态的动态变化。

[L2] 假设2：通过引入自注意力机制，深度学习模型能够更好地识别不同模态数据之间的相关性，从而提升电池健康状态评估的鲁棒性和准确性。

[L3] 假设1：在多模态深度学习框架中，使用迁移学习技术可以有效利用已有的电池健康数据集，减少对标注数据的需求，并提高模型在新数据集上的泛化能力。

[L3] 假设2：通过对多模态数据进行特征融合，构建一个集成学习模型，可以进一步提升电池健康状态评估的精度，尤其是在数据稀缺的情况下。",ok,
gpt-4o-mini-2024-07-18,gpt-4o-mini-2024-07-18-L1,L1,9d7ad46d50d0,如何利用吸湿性铁水凝胶和叶脉结构设计高效的能量收集器？,Nature Communications,2025-06-06,2025,Energy Harvesting in Wireless Networks,153.63899623,76,https://doi.org/10.1038/s41467-025-60341-z,2041-1723,journal,1,"[L1] 吸湿性铁水凝胶的水分吸收能力与其电导率之间存在正相关关系，增强水分吸收能够提高电导率，从而提升能量收集效率。

[L2] 叶脉结构的微观形态对吸湿性铁水凝胶的分布和水分保持能力有显著影响，优化叶脉的几何形状可以提高水分的捕集和存储效率。

[L3] 结合吸湿性铁水凝胶与优化的叶脉结构，构建的能量收集器在不同环境湿度条件下表现出更高的能量转换效率，能够实现持续的电力输出。",ok,
o1-2024-12-17,o1-2024-12-17-L1,L1,f4465d25f7c9,如何通过单原子催化剂设计突破类芬顿催化中活性与稳定性的权衡？,Nature Communications,2025-01-02,2025,Electrocatalysts for Energy Conversion,93.87822721,96,https://doi.org/10.1038/s41467-024-55622-y,2041-1723,journal,1,"[L1]  
1. 通过在纳米岛结构中锚定钴单原子，增强催化中心对过氧化氢的活化能力，从而兼顾高活性与稳定性。  
2. 纳米岛对钴单原子的包覆抑制金属离子流失，使催化剂在强氧化环境中保持结构完整。  

[L2]  
1. 纳米岛结构可促使钴单原子周围形成高电子密度区，增强芬顿类反应中自由基的生成速率。  
2. 掺杂元素（如氮）可进一步稳定钴单原子表面配位环境，降低催化剂在高速反应过程中的自氧化失活。  
3. 纳米岛与单原子钴的协同作用调控关键活性位点，减少副产物生成并提高催化选择性。  

[L3]  
1. 在复杂水环境中，纳米岛-钴单原子催化剂对有机污染物降解速率显著提升，且保持催化剂循环再利用性能。  
2. 利用材料表面改性（如碳包覆或聚合物嫁接）可进一步减缓钴离子溶出，实现对类芬顿反应的长效稳定催化。  ",ok,
o1-2024-12-17,o1-2024-12-17-L1,L1,b5d9e2f1eeaf,如何提升中红外光电探测器的探测率与响应速度至理论极限？,Nature Communications,2025-01-10,2025,Advanced Semiconductor Detectors and Materials,163.74682493,81,https://doi.org/10.1038/s41467-025-55887-x,2041-1723,journal,1,"[L1]  
1. 若在垂直堆叠的van der Waals异质结中引入量子限域结构，以增强中红外光子在界面处的吸收与复合抑制，则可提升光电流信号并降低暗电流，从而显著提高探测率。  
2. 通过在垂直传输通道中引入辅助隧穿层，增强电场对光生载流子的驱动，可减小载流子传输时间，从而提升光探测器的响应速度。  

[L2]  
1. 在异质结表面/界面引入低缺陷密度的钝化层，利用能带对齐削弱表面复合与散射，进而提高器件灵敏度并抑制噪声。  
2. 通过离子注入或电学栅极调控方式，精确控制通道区的局域电荷浓度，形成强耦合场以提高中红外光子的吸收几率与载流子收集效率。  
3. 在器件的垂直通道中设置双极性调控区，通过双向能带弯曲促进光生电荷在不同层之间的快速分离与传输，从而兼顾高增益与低延迟。  

[L3]  
1. 借助等离激元微纳结构在异质结内部形成超强近场耦合效应，实现对中红外光的强局域聚焦与吸收增益，从而大幅提升器件探测率。  
2. 在垂直通道的连续能带隧穿设计中引入渐变势垒层，通过精细调控势垒高度实现零阈值快速载流子注入与抽取，达到超高速响应。  
3. 利用超晶格周期性排列提升载流子在不同层之间的准定向传输效率，配合低维界面电子束缚机制，进一步拓展探测带宽并接近理论极限的响应速度。  ",ok,
o1-2024-12-17,o1-2024-12-17-L1,L1,49822610b620,如何通过高模量隔膜设计解决锌枝晶问题,Nature Communications,2025-01-25,2025,Advanced battery technologies research,163.74682493,81,https://doi.org/10.1038/s41467-025-56325-8,2041-1723,journal,1,"[L1]  
1. 假设：高模量的生物仿生型隔膜能够提供足够的机械约束，抑制锌枝晶向隔膜方向穿透，从而减少枝晶侧向生长。  
2. 假设：通过在隔膜中引入能匹配锌负极表面弹性模量的聚合物网络，可稳定金属锌/隔膜界面的形变，使枝晶形成受到抑制。  

[L2]  
1. 假设：该高模量隔膜在纳米尺度上可提供弹性应力分布，引导锌离子在电极表面呈现更加均匀的沉积行为，减少局部过度生长。  
2. 假设：隔膜内的无机纳米填料与聚合物复合，可形成刚性支撑骨架，提高隔膜整体的结构完整性，限制枝晶刺穿并维持高效传导通道。  

[L3]  
1. 假设：在隔膜表面引入具有特殊润湿性或生物仿生界面涂层，可进一步降低锌在微观尺度的沉积能垒，实现更均匀的锌沉积。  
2. 假设：通过优化隔膜中的离子通道取向和孔隙结构，可在电化学过程中平衡离子分布与机械稳定，使锌沉积过程维持稳定而不形成枝晶突刺。  ",ok,
o1-2024-12-17,o1-2024-12-17-L1,L1,3e2570ebbc22,如何构建基于深度学习的多模态框架来评估电池健康状态？,Nature Communications,2025-01-29,2025,Advanced Battery Technologies Research,156.77105282,72,https://doi.org/10.1038/s41467-025-56485-7,2041-1723,journal,1,"[L1]  
• 基于开源电动汽车多模态数据（如充放电速率、温度环境、车辆运行工况），采用深度学习框架的多特征融合机制能够有效评估电池健康状态，提升预测精度。  

[L2]  
• 将历史工况数据与瞬时传感器数据并行输入多模态深度网络，通过跨模态自注意力机制捕捉关键关联，可以动态识别不同驾驶模式对电池性能衰减的影响。  
• 将车辆运行温度、负载及高频电流波动等多维度特征与卷积神经网络相结合，通过自动提取面向不同时空尺度的特征，建立电池健康状态的综合评估模型。  

[L3]  
• 在多模态网络中引入时序记忆模块（如双向LSTM），监测并拟合充放电随时间的变化趋势，进而捕捉长期疲劳效应以及瞬时尖峰对电池健康的潜在影响。  
• 通过对原始车辆运行数据进行泛化回归与降噪处理，与基于物理机理的衰减模型相结合，形成可迁移的多模态深度学习架构，提高针对不同车辆工况与电池类型的健康预测准确度。  ",ok,
o1-2024-12-17,o1-2024-12-17-L1,L1,9d7ad46d50d0,如何利用吸湿性铁水凝胶和叶脉结构设计高效的能量收集器？,Nature Communications,2025-06-06,2025,Energy Harvesting in Wireless Networks,153.63899623,76,https://doi.org/10.1038/s41467-025-60341-z,2041-1723,journal,1,"[L1]  
1. 基于叶脉通道的结构仿生设计，使吸湿性铁水凝胶在多级微孔中均匀分布，通过环境水汽吸收与释放过程产生电势差，实现持续稳定的能量收集。  
2. 将高比表面积的叶状支撑材料与铁水凝胶复合，可增强铁离子的氧化还原循环效率，从而提升整体能量转换性能。  

[L2]  
1. 在类叶脉的二级/三级枝状网络中引入吸湿性铁水凝胶，通过加速水分传输与电荷分离过程，形成可循环、低能耗的自驱动电化学体系。  
2. 通过调节叶片仿生微孔尺寸与胶体浓度，增大铁水凝胶对水分子的选择性吸附，促进内部电荷转移并提升单位体积电能输送能力。  

[L3]  
1. 将铁水凝胶纳米颗粒均匀植入仿真叶脉骨架，利用纳米级通道实现快速水汽扩散与铁离子迁移，使能量收集器在高湿度与中湿度区间均可高效工作。  
2. 在叶脉分叉处构建局部微电场，将外部水汽驱动的氧化还原反应聚集到高能区，进一步增强功率输出并实现对外部负载的稳定供电。  
3. 结合铁水凝胶与其他金属氧化物的复合修饰，在叶脉基层内构筑多级协同导电网络，提高电化学反应活性并显著增强能量存储与释放效率。  ",ok,
